Valuation Date,Curve Name,Date,Value,Label
2015-04-23,USD-Disc,2015-04-24,0.020277215,1D
2015-04-23,USD-Disc,2015-05-29,0.022176598,1M
2015-04-23,USD-Disc,2015-10-29,0.024131521,6M
2015-04-23,USD-Disc,2016-04-29,0.026001277,1Y
2015-04-23,USD-Disc,2017-05-01,0.028040416,2Y
2015-04-23,USD-Disc,2020-04-29,0.030056417,5Y
2015-04-23,USD-Disc,2025-04-30,0.032191282,10Y
2015-04-23,USD-3ML,2015-07-27,0.023251918,3M
2015-04-23,USD-3ML,2016-04-27,0.025274956,1Y
2015-04-23,USD-3ML,2017-04-27,0.027823909,2Y
2015-04-23,USD-3ML,2020-04-27,0.030360916,5Y
2015-04-23,USD-3ML,2025-04-28,0.033035876,10Y
2015-04-23,USD-6ML,2015-10-27,0.024186096,6M
2015-04-23,USD-6ML,2016-04-27,0.027786201,1Y
2015-04-23,USD-6ML,2017-04-27,0.03033329,2Y
2015-04-23,USD-6ML,2020-04-27,0.032867541,5Y
2015-04-23,USD-6ML,2025-04-28,0.035535903,10Y
2015-04-22,USD-Disc,2015-04-23,0.020581364,1D
2015-04-22,USD-Disc,2015-05-28,0.022436571,1M
2015-04-22,USD-Disc,2015-10-28,0.024485398,6M
2015-04-22,USD-Disc,2016-04-27,0.025855713,1Y
2015-04-22,USD-Disc,2017-04-26,0.027700975,2Y
2015-04-22,USD-Disc,2020-04-28,0.030273394,5Y
2015-04-22,USD-Disc,2025-04-28,0.032063125,10Y
2015-04-22,USD-3ML,2015-07-24,0.022795255,3M
2015-04-22,USD-3ML,2016-04-25,0.025487061,1Y
2015-04-22,USD-3ML,2017-04-24,0.027704927,2Y
2015-04-22,USD-3ML,2020-04-24,0.030018044,5Y
2015-04-22,USD-3ML,2025-04-24,0.032905841,10Y
2015-04-22,USD-6ML,2015-10-26,0.024275638,6M
2015-04-22,USD-6ML,2016-04-25,0.028006927,1Y
2015-04-22,USD-6ML,2017-04-24,0.030593114,2Y
2015-04-22,USD-6ML,2020-04-24,0.032669438,5Y
2015-04-22,USD-6ML,2025-04-24,0.035758964,10Y
2015-04-21,USD-Disc,2015-04-22,0.02037657,1D
2015-04-21,USD-Disc,2015-05-28,0.02207364,1M
2015-04-21,USD-Disc,2015-10-27,0.024464962,6M
2015-04-21,USD-Disc,2016-04-27,0.02609834,1Y
2015-04-21,USD-Disc,2017-04-26,0.027817758,2Y
2015-04-21,USD-Disc,2020-04-27,0.030733011,5Y
2015-04-21,USD-Disc,2025-04-25,0.031862783,10Y
2015-04-21,USD-3ML,2015-07-23,0.022518006,3M
2015-04-21,USD-3ML,2016-04-25,0.025315072,1Y
2015-04-21,USD-3ML,2017-04-24,0.027780565,2Y
2015-04-21,USD-3ML,2020-04-23,0.02976411,5Y
2015-04-21,USD-3ML,2025-04-23,0.033332025,10Y
2015-04-21,USD-6ML,2015-10-23,0.024283256,6M
2015-04-21,USD-6ML,2016-04-25,0.027556388,1Y
2015-04-21,USD-6ML,2017-04-24,0.030481142,2Y
2015-04-21,USD-6ML,2020-04-23,0.032673492,5Y
2015-04-21,USD-6ML,2025-04-23,0.036317664,10Y
2015-04-20,USD-Disc,2015-04-21,0.020687816,1D
2015-04-20,USD-Disc,2015-05-27,0.022622445,1M
2015-04-20,USD-Disc,2015-10-26,0.024586945,6M
2015-04-20,USD-Disc,2016-04-26,0.02611585,1Y
2015-04-20,USD-Disc,2017-04-26,0.027554276,2Y
2015-04-20,USD-Disc,2020-04-24,0.030885362,5Y
2015-04-20,USD-Disc,2025-04-24,0.031427791,10Y
2015-04-20,USD-3ML,2015-07-22,0.022873889,3M
2015-04-20,USD-3ML,2016-04-22,0.025416437,1Y
2015-04-20,USD-3ML,2017-04-24,0.028071731,2Y
2015-04-20,USD-3ML,2020-04-22,0.029396976,5Y
2015-04-20,USD-3ML,2025-04-22,0.033466251,10Y
2015-04-20,USD-6ML,2015-10-22,0.024400442,6M
2015-04-20,USD-6ML,2016-04-22,0.028000217,1Y
2015-04-20,USD-6ML,2017-04-24,0.030630911,2Y
2015-04-20,USD-6ML,2020-04-22,0.032437761,5Y
2015-04-20,USD-6ML,2025-04-22,0.03646072,10Y
2015-04-17,USD-Disc,2015-04-20,0.020767741,1D
2015-04-17,USD-Disc,2015-05-26,0.022177549,1M
2015-04-17,USD-Disc,2015-10-23,0.024857149,6M
2015-04-17,USD-Disc,2016-04-25,0.026440236,1Y
2015-04-17,USD-Disc,2017-04-25,0.027357137,2Y
2015-04-17,USD-Disc,2020-04-23,0.031027488,5Y
2015-04-17,USD-Disc,2025-04-23,0.031455516,10Y
2015-04-17,USD-3ML,2015-07-21,0.022374837,3M
2015-04-17,USD-3ML,2016-04-21,0.025879637,1Y
2015-04-17,USD-3ML,2017-04-21,0.028218294,2Y
2015-04-17,USD-3ML,2020-04-21,0.028936358,5Y
2015-04-17,USD-3ML,2025-04-22,0.03349825,10Y
2015-04-17,USD-6ML,2015-10-21,0.024628785,6M
2015-04-17,USD-6ML,2016-04-21,0.028819545,1Y
2015-04-17,USD-6ML,2017-04-21,0.031081312,2Y
2015-04-17,USD-6ML,2020-04-21,0.032317058,5Y
2015-04-17,USD-6ML,2025-04-22,0.035932213,10Y
2015-04-16,USD-Disc,2015-04-17,0.021046713,1D
2015-04-16,USD-Disc,2015-05-22,0.02240487,1M
2015-04-16,USD-Disc,2015-10-22,0.024440129,6M
2015-04-16,USD-Disc,2016-04-22,0.026306912,1Y
2015-04-16,USD-Disc,2017-04-24,0.026930014,2Y
2015-04-16,USD-Disc,2020-04-22,0.031025107,5Y
2015-04-16,USD-Disc,2025-04-23,0.031466138,10Y
2015-04-16,USD-3ML,2015-07-20,0.022260903,3M
2015-04-16,USD-3ML,2016-04-20,0.025959106,1Y
2015-04-16,USD-3ML,2017-04-20,0.02847721,2Y
2015-04-16,USD-3ML,2020-04-20,0.028701491,5Y
2015-04-16,USD-3ML,2025-04-22,0.032981886,10Y
2015-04-16,USD-6ML,2015-10-20,0.024288264,6M
2015-04-16,USD-6ML,2016-04-20,0.028610975,1Y
2015-04-16,USD-6ML,2017-04-20,0.031844446,2Y
2015-04-16,USD-6ML,2020-04-20,0.031703175,5Y
2015-04-16,USD-6ML,2025-04-22,0.035072555,10Y
2015-04-15,USD-Disc,2015-04-16,0.02129206,1D
2015-04-15,USD-Disc,2015-05-20,0.022537444,1M
2015-04-15,USD-Disc,2015-10-21,0.024752363,6M
2015-04-15,USD-Disc,2016-04-20,0.026524091,1Y
2015-04-15,USD-Disc,2017-04-19,0.026746979,2Y
2015-04-15,USD-Disc,2020-04-21,0.030566974,5Y
2015-04-15,USD-Disc,2025-04-21,0.031495553,10Y
2015-04-15,USD-3ML,2015-07-17,0.022369796,3M
2015-04-15,USD-3ML,2016-04-18,0.02618674,1Y
2015-04-15,USD-3ML,2017-04-18,0.028198388,2Y
2015-04-15,USD-3ML,2020-04-17,0.028619111,5Y
2015-04-15,USD-3ML,2025-04-17,0.032833096,10Y
2015-04-15,USD-6ML,2015-10-19,0.024598092,6M
2015-04-15,USD-6ML,2016-04-18,0.028840728,1Y
2015-04-15,USD-6ML,2017-04-18,0.031550869,2Y
2015-04-15,USD-6ML,2020-04-17,0.03176191,5Y
2015-04-15,USD-6ML,2025-04-17,0.035335337,10Y
2015-04-14,USD-Disc,2015-04-15,0.021245423,1D
2015-04-14,USD-Disc,2015-05-20,0.023035598,1M
2015-04-14,USD-Disc,2015-10-20,0.024973268,6M
2015-04-14,USD-Disc,2016-04-20,0.026186575,1Y
2015-04-14,USD-Disc,2017-04-19,0.027208905,2Y
2015-04-14,USD-Disc,2020-04-20,0.030112697,5Y
2015-04-14,USD-Disc,2025-04-18,0.031848373,10Y
2015-04-14,USD-3ML,2015-07-16,0.02239601,3M
2015-04-14,USD-3ML,2016-04-18,0.025989993,1Y
2015-04-14,USD-3ML,2017-04-18,0.02783994,2Y
2015-04-14,USD-3ML,2020-04-16,0.02897098,5Y
2015-04-14,USD-3ML,2025-04-16,0.032700161,10Y
2015-04-14,USD-6ML,2015-10-16,0.024181088,6M
2015-04-14,USD-6ML,2016-04-18,0.028586117,1Y
2015-04-14,USD-6ML,2017-04-18,0.031459285,2Y
2015-04-14,USD-6ML,2020-04-16,0.032128893,5Y
2015-04-14,USD-6ML,2025-04-16,0.034752936,10Y
2015-04-13,USD-Disc,2015-04-14,0.021083211,1D
2015-04-13,USD-Disc,2015-05-19,0.023049209,1M
2015-04-13,USD-Disc,2015-10-19,0.025092182,6M
2015-04-13,USD-Disc,2016-04-19,0.025859127,1Y
2015-04-13,USD-Disc,2017-04-19,0.02769823,2Y
2015-04-13,USD-Disc,2020-04-17,0.030150593,5Y
2015-04-13,USD-Disc,2025-04-17,0.031592304,10Y
2015-04-13,USD-3ML,2015-07-15,0.022575474,3M
2015-04-13,USD-3ML,2016-04-15,0.026047411,1Y
2015-04-13,USD-3ML,2017-04-18,0.027418318,2Y
2015-04-13,USD-3ML,2020-04-15,0.029058648,5Y
2015-04-13,USD-3ML,2025-04-15,0.033238056,10Y
2015-04-13,USD-6ML,2015-10-15,0.023935663,6M
2015-04-13,USD-6ML,2016-04-15,0.028248829,1Y
2015-04-13,USD-6ML,2017-04-18,0.031080243,2Y
2015-04-13,USD-6ML,2020-04-15,0.031892845,5Y
2015-04-13,USD-6ML,2025-04-15,0.035502277,10Y
2015-04-10,USD-Disc,2015-04-13,0.020861003,1D
2015-04-10,USD-Disc,2015-05-18,0.023018836,1M
2015-04-10,USD-Disc,2015-10-16,0.024825286,6M
2015-04-10,USD-Disc,2016-04-18,0.025927199,1Y
2015-04-10,USD-Disc,2017-04-18,0.027373418,2Y
2015-04-10,USD-Disc,2020-04-16,0.030112454,5Y
2015-04-10,USD-Disc,2025-04-16,0.031099891,10Y
2015-04-10,USD-3ML,2015-07-14,0.022694439,3M
2015-04-10,USD-3ML,2016-04-14,0.025694763,1Y
2015-04-10,USD-3ML,2017-04-18,0.027266009,2Y
2015-04-10,USD-3ML,2020-04-14,0.028710193,5Y
2015-04-10,USD-3ML,2025-04-14,0.033301672,10Y
2015-04-10,USD-6ML,2015-10-14,0.023618069,6M
2015-04-10,USD-6ML,2016-04-14,0.028148645,1Y
2015-04-10,USD-6ML,2017-04-18,0.031231433,2Y
2015-04-10,USD-6ML,2020-04-14,0.031174713,5Y
2015-04-10,USD-6ML,2025-04-14,0.035380416,10Y
2015-04-09,USD-Disc,2015-04-10,0.020965606,1D
2015-04-09,USD-Disc,2015-05-15,0.023118448,1M
2015-04-09,USD-Disc,2015-10-15,0.02481468,6M
2015-04-09,USD-Disc,2016-04-15,0.02635364,1Y
2015-04-09,USD-Disc,2017-04-17,0.027845872,2Y
2015-04-09,USD-Disc,2020-04-15,0.029794064,5Y
2015-04-09,USD-Disc,2025-04-16,0.030576445,10Y
2015-04-09,USD-3ML,2015-07-13,0.023109783,3M
2015-04-09,USD-3ML,2016-04-13,0.025962908,1Y
2015-04-09,USD-3ML,2017-04-13,0.027348668,2Y
2015-04-09,USD-3ML,2020-04-14,0.028731619,5Y
2015-04-09,USD-3ML,2025-04-14,0.033661323,10Y
2015-04-09,USD-6ML,2015-10-13,0.023130058,6M
2015-04-09,USD-6ML,2016-04-13,0.028520464,1Y
2015-04-09,USD-6ML,2017-04-13,0.031132711,2Y
2015-04-09,USD-6ML,2020-04-14,0.031712452,5Y
2015-04-09,USD-6ML,2025-04-14,0.036145687,10Y
2015-04-08,USD-Disc,2015-04-09,0.02104874,1D
2015-04-08,USD-Disc,2015-05-13,0.023020134,1M
2015-04-08,USD-Disc,2015-10-15,0.024708715,6M
2015-04-08,USD-Disc,2016-04-13,0.026267691,1Y
2015-04-08,USD-Disc,2017-04-12,0.027827795,2Y
2015-04-08,USD-Disc,2020-04-14,0.030018032,5Y
2015-04-08,USD-Disc,2025-04-14,0.030537012,10Y
2015-04-08,USD-3ML,2015-07-10,0.023201516,3M
2015-04-08,USD-3ML,2016-04-11,0.025740064,1Y
2015-04-08,USD-3ML,2017-04-10,0.02744312,2Y
2015-04-08,USD-3ML,2020-04-14,0.028591071,5Y
2015-04-08,USD-3ML,2025-04-10,0.033767103,10Y
2015-04-08,USD-6ML,2015-10-12,0.023138619,6M
2015-04-08,USD-6ML,2016-04-11,0.028726156,1Y
2015-04-08,USD-6ML,2017-04-10,0.031251603,2Y
2015-04-08,USD-6ML,2020-04-14,0.03139328,5Y
2015-04-08,USD-6ML,2025-04-10,0.035740299,10Y
2015-04-07,USD-Disc,2015-04-08,0.020954454,1D
2015-04-07,USD-Disc,2015-05-13,0.023020421,1M
2015-04-07,USD-Disc,2015-10-14,0.024575809,6M
2015-04-07,USD-Disc,2016-04-13,0.026559746,1Y
2015-04-07,USD-Disc,2017-04-12,0.027973024,2Y
2015-04-07,USD-Disc,2020-04-13,0.030021815,5Y
2015-04-07,USD-Disc,2025-04-11,0.030217665,10Y
2015-04-07,USD-3ML,2015-07-09,0.02316321,3M
2015-04-07,USD-3ML,2016-04-11,0.025738652,1Y
2015-04-07,USD-3ML,2017-04-10,0.027900439,2Y
2015-04-07,USD-3ML,2020-04-09,0.028127723,5Y
2015-04-07,USD-3ML,2025-04-09,0.033449431,10Y
2015-04-07,USD-6ML,2015-10-09,0.023385603,6M
2015-04-07,USD-6ML,2016-04-11,0.028853601,1Y
2015-04-07,USD-6ML,2017-04-10,0.032070088,2Y
2015-04-07,USD-6ML,2020-04-09,0.030634415,5Y
2015-04-07,USD-6ML,2025-04-09,0.035297102,10Y
2015-04-06,USD-Disc,2015-04-07,0.020768923,1D
2015-04-06,USD-Disc,2015-05-12,0.023088649,1M
2015-04-06,USD-Disc,2015-10-13,0.024302225,6M
2015-04-06,USD-Disc,2016-04-12,0.026480942,1Y
2015-04-06,USD-Disc,2017-04-12,0.028440725,2Y
2015-04-06,USD-Disc,2020-04-10,0.030446827,5Y
2015-04-06,USD-Disc,2025-04-10,0.030402357,10Y
2015-04-06,USD-3ML,2015-07-08,0.022850702,3M
2015-04-06,USD-3ML,2016-04-08,0.02570752,1Y
2015-04-06,USD-3ML,2017-04-10,0.027437492,2Y
2015-04-06,USD-3ML,2020-04-08,0.027896102,5Y
2015-04-06,USD-3ML,2025-04-08,0.03293929,10Y
2015-04-06,USD-6ML,2015-10-08,0.023658147,6M
2015-04-06,USD-6ML,2016-04-08,0.028918947,1Y
2015-04-06,USD-6ML,2017-04-10,0.031871993,2Y
2015-04-06,USD-6ML,2020-04-08,0.030802128,5Y
2015-04-06,USD-6ML,2025-04-08,0.034683326,10Y
2015-04-03,USD-Disc,2015-04-06,0.020793084,1D
2015-04-03,USD-Disc,2015-05-11,0.022706132,1M
2015-04-03,USD-Disc,2015-10-09,0.024457416,6M
2015-04-03,USD-Disc,2016-04-11,0.026297856,1Y
2015-04-03,USD-Disc,2017-04-11,0.028737684,2Y
2015-04-03,USD-Disc,2020-04-09,0.0299964,5Y
2015-04-03,USD-Disc,2025-04-09,0.030805174,10Y
2015-04-03,USD-3ML,2015-07-08,0.023054339,3M
2015-04-03,USD-3ML,2016-04-08,0.025398971,1Y
2015-04-03,USD-3ML,2017-04-10,0.027878033,2Y
2015-04-03,USD-3ML,2020-04-08,0.027883887,5Y
2015-04-03,USD-3ML,2025-04-08,0.032965066,10Y
2015-04-03,USD-6ML,2015-10-08,0.024112973,6M
2015-04-03,USD-6ML,2016-04-08,0.028981967,1Y
2015-04-03,USD-6ML,2017-04-10,0.032724647,2Y
2015-04-03,USD-6ML,2020-04-08,0.030411906,5Y
2015-04-03,USD-6ML,2025-04-08,0.035172789,10Y
2015-04-02,USD-Disc,2015-04-03,0.021077128,1D
2015-04-02,USD-Disc,2015-05-08,0.022622865,1M
2015-04-02,USD-Disc,2015-10-08,0.024540534,6M
2015-04-02,USD-Disc,2016-04-08,0.02623833,1Y
2015-04-02,USD-Disc,2017-04-10,0.028985949,2Y
2015-04-02,USD-Disc,2020-04-08,0.030384812,5Y
2015-04-02,USD-Disc,2025-04-09,0.030527549,10Y
2015-04-02,USD-3ML,2015-07-08,0.022693431,3M
2015-04-02,USD-3ML,2016-04-08,0.025496228,1Y
2015-04-02,USD-3ML,2017-04-10,0.028026948,2Y
2015-04-02,USD-3ML,2020-04-08,0.02814925,5Y
2015-04-02,USD-3ML,2025-04-08,0.032481997,10Y
2015-04-02,USD-6ML,2015-10-08,0.023690209,6M
2015-04-02,USD-6ML,2016-04-08,0.028743742,1Y
2015-04-02,USD-6ML,2017-04-10,0.032818299,2Y
2015-04-02,USD-6ML,2020-04-08,0.030382863,5Y
2015-04-02,USD-6ML,2025-04-08,0.034709147,10Y
2015-04-01,USD-Disc,2015-04-02,0.021166345,1D
2015-04-01,USD-Disc,2015-05-06,0.022210562,1M
2015-04-01,USD-Disc,2015-10-07,0.024636813,6M
2015-04-01,USD-Disc,2016-04-06,0.026213848,1Y
2015-04-01,USD-Disc,2017-04-05,0.028983005,2Y
2015-04-01,USD-Disc,2020-04-07,0.030348824,5Y
2015-04-01,USD-Disc,2025-04-07,0.030132476,10Y
2015-04-01,USD-3ML,2015-07-07,0.022804328,3M
2015-04-01,USD-3ML,2016-04-07,0.025955297,1Y
2015-04-01,USD-3ML,2017-04-07,0.027849319,2Y
2015-04-01,USD-3ML,2020-04-07,0.028503746,5Y
2015-04-01,USD-3ML,2025-04-07,0.032334461,10Y
2015-04-01,USD-6ML,2015-10-07,0.024174076,6M
2015-04-01,USD-6ML,2016-04-07,0.029114308,1Y
2015-04-01,USD-6ML,2017-04-07,0.032708626,2Y
2015-04-01,USD-6ML,2020-04-07,0.030201004,5Y
2015-04-01,USD-6ML,2025-04-07,0.034800519,10Y
2015-03-31,USD-Disc,2015-04-01,0.021198787,1D
2015-03-31,USD-Disc,2015-05-06,0.02213099,1M
2015-03-31,USD-Disc,2015-10-06,0.024852337,6M
2015-03-31,USD-Disc,2016-04-06,0.026525551,1Y
2015-03-31,USD-Disc,2017-04-05,0.028745067,2Y
2015-03-31,USD-Disc,2020-04-06,0.030198229,5Y
2015-03-31,USD-Disc,2025-04-04,0.030490737,10Y
2015-03-31,USD-3ML,2015-07-02,0.022563375,3M
2015-03-31,USD-3ML,2016-04-04,0.025889762,1Y
2015-03-31,USD-3ML,2017-04-03,0.027706487,2Y
2015-03-31,USD-3ML,2020-04-02,0.028636083,5Y
2015-03-31,USD-3ML,2025-04-02,0.031807956,10Y
2015-03-31,USD-6ML,2015-10-02,0.024226163,6M
2015-03-31,USD-6ML,2016-04-04,0.029048766,1Y
2015-03-31,USD-6ML,2017-04-03,0.032790084,2Y
2015-03-31,USD-6ML,2020-04-02,0.029818531,5Y
2015-03-31,USD-6ML,2025-04-02,0.034475661,10Y
2015-03-30,USD-Disc,2015-03-31,0.021368097,1D
2015-03-30,USD-Disc,2015-05-05,0.022148577,1M
2015-03-30,USD-Disc,2015-10-05,0.025114061,6M
2015-03-30,USD-Disc,2016-04-05,0.026986483,1Y
2015-03-30,USD-Disc,2017-04-05,0.028870993,2Y
2015-03-30,USD-Disc,2020-04-03,0.030564934,5Y
2015-03-30,USD-Disc,2025-04-03,0.030817263,10Y
2015-03-30,USD-3ML,2015-07-01,0.022745856,3M
2015-03-30,USD-3ML,2016-04-01,0.025754464,1Y
2015-03-30,USD-3ML,2017-04-03,0.027954802,2Y
2015-03-30,USD-3ML,2020-04-01,0.028877445,5Y
2015-03-30,USD-3ML,2025-04-01,0.031396888,10Y
2015-03-30,USD-6ML,2015-10-01,0.024030832,6M
2015-03-30,USD-6ML,2016-04-01,0.028711938,1Y
2015-03-30,USD-6ML,2017-04-03,0.032865758,2Y
2015-03-30,USD-6ML,2020-04-01,0.029999641,5Y
2015-03-30,USD-6ML,2025-04-01,0.034133484,10Y
2015-03-27,USD-Disc,2015-03-30,0.021229995,1D
2015-03-27,USD-Disc,2015-05-04,0.021823638,1M
2015-03-27,USD-Disc,2015-10-02,0.024952626,6M
2015-03-27,USD-Disc,2016-04-04,0.026574637,1Y
2015-03-27,USD-Disc,2017-04-04,0.02912264,2Y
2015-03-27,USD-Disc,2020-04-02,0.030538483,5Y
2015-03-27,USD-Disc,2025-04-02,0.0304357,10Y
2015-03-27,USD-3ML,2015-06-30,0.022611769,3M
2015-03-27,USD-3ML,2016-03-31,0.025750589,1Y
2015-03-27,USD-3ML,2017-03-31,0.027934136,2Y
2015-03-27,USD-3ML,2020-03-31,0.029313175,5Y
2015-03-27,USD-3ML,2025-03-31,0.031287454,10Y
2015-03-27,USD-6ML,2015-09-30,0.023642116,6M
2015-03-27,USD-6ML,2016-03-31,0.028224115,1Y
2015-03-27,USD-6ML,2017-03-31,0.032541893,2Y
2015-03-27,USD-6ML,2020-03-31,0.030217696,5Y
2015-03-27,USD-6ML,2025-03-31,0.03366583,10Y
2015-03-26,USD-Disc,2015-03-27,0.02120487,1D
2015-03-26,USD-Disc,2015-05-04,0.021677255,1M
2015-03-26,USD-Disc,2015-10-02,0.024932228,6M
2015-03-26,USD-Disc,2016-04-01,0.02623307,1Y
2015-03-26,USD-Disc,2017-04-03,0.029015424,2Y
2015-03-26,USD-Disc,2020-04-01,0.030546634,5Y
2015-03-26,USD-Disc,2025-04-02,0.030621943,10Y
2015-03-26,USD-3ML,2015-06-30,0.022696759,3M
2015-03-26,USD-3ML,2016-03-30,0.025955083,1Y
2015-03-26,USD-3ML,2017-03-30,0.02812199,2Y
2015-03-26,USD-3ML,2020-03-30,0.029671271,5Y
2015-03-26,USD-3ML,2025-03-31,0.030799825,10Y
2015-03-26,USD-6ML,2015-09-30,0.023288661,6M
2015-03-26,USD-6ML,2016-03-30,0.02884862,1Y
2015-03-26,USD-6ML,2017-03-30,0.032508996,2Y
2015-03-26,USD-6ML,2020-03-30,0.030518131,5Y
2015-03-26,USD-6ML,2025-03-31,0.03345744,10Y
2015-03-25,USD-Disc,2015-03-26,0.02109639,1D
2015-03-25,USD-Disc,2015-04-29,0.021690411,1M
2015-03-25,USD-Disc,2015-09-30,0.024639745,6M
2015-03-25,USD-Disc,2016-03-30,0.026606682,1Y
2015-03-25,USD-Disc,2017-03-29,0.029368717,2Y
2015-03-25,USD-Disc,2020-03-31,0.030925006,5Y
2015-03-25,USD-Disc,2025-03-31,0.030998484,10Y
2015-03-25,USD-3ML,2015-06-29,0.022857632,3M
2015-03-25,USD-3ML,2016-03-29,0.02567995,1Y
2015-03-25,USD-3ML,2017-03-27,0.027968237,2Y
2015-03-25,USD-3ML,2020-03-27,0.029543079,5Y
2015-03-25,USD-3ML,2025-03-27,0.030585819,10Y
2015-03-25,USD-6ML,2015-09-28,0.0230815,6M
2015-03-25,USD-6ML,2016-03-29,0.028100638,1Y
2015-03-25,USD-6ML,2017-03-27,0.032057565,2Y
2015-03-25,USD-6ML,2020-03-27,0.03046632,5Y
2015-03-25,USD-6ML,2025-03-27,0.033271557,10Y
2015-03-24,USD-Disc,2015-03-25,0.020988924,1D
2015-03-24,USD-Disc,2015-04-29,0.021682684,1M
2015-03-24,USD-Disc,2015-09-30,0.024901018,6M
2015-03-24,USD-Disc,2016-03-30,0.026822003,1Y
2015-03-24,USD-Disc,2017-03-29,0.02933531,2Y
2015-03-24,USD-Disc,2020-03-30,0.030539937,5Y
2015-03-24,USD-Disc,2025-03-28,0.031148596,10Y
2015-03-24,USD-3ML,2015-06-26,0.023264282,3M
2015-03-24,USD-3ML,2016-03-29,0.026171619,1Y
2015-03-24,USD-3ML,2017-03-27,0.028363237,2Y
2015-03-24,USD-3ML,2020-03-26,0.029152307,5Y
2015-03-24,USD-3ML,2025-03-26,0.030630562,10Y
2015-03-24,USD-6ML,2015-09-28,0.022930462,6M
2015-03-24,USD-6ML,2016-03-29,0.028945267,1Y
2015-03-24,USD-6ML,2017-03-27,0.032373745,2Y
2015-03-24,USD-6ML,2020-03-26,0.030306347,5Y
2015-03-24,USD-6ML,2025-03-26,0.033361454,10Y
2015-03-23,USD-Disc,2015-03-24,0.02103556,1D
2015-03-23,USD-Disc,2015-04-29,0.021560611,1M
2015-03-23,USD-Disc,2015-09-29,0.024995261,6M
2015-03-23,USD-Disc,2016-03-29,0.026418847,1Y
2015-03-23,USD-Disc,2017-03-29,0.029764363,2Y
2015-03-23,USD-Disc,2020-03-27,0.030212489,5Y
2015-03-23,USD-Disc,2025-03-27,0.030796098,10Y
2015-03-23,USD-3ML,2015-06-25,0.023703729,3M
2015-03-23,USD-3ML,2016-03-29,0.025821648,1Y
2015-03-23,USD-3ML,2017-03-27,0.028407196,2Y
2015-03-23,USD-3ML,2020-03-25,0.028948815,5Y
2015-03-23,USD-3ML,2025-03-25,0.030196419,10Y
2015-03-23,USD-6ML,2015-09-25,0.022905839,6M
2015-03-23,USD-6ML,2016-03-29,0.0290926,1Y
2015-03-23,USD-6ML,2017-03-27,0.032420733,2Y
2015-03-23,USD-6ML,2020-03-25,0.030481317,5Y
2015-03-23,USD-6ML,2025-03-25,0.032452801,10Y
2015-03-20,USD-Disc,2015-03-23,0.021376983,1D
2015-03-20,USD-Disc,2015-04-28,0.021153015,1M
2015-03-20,USD-Disc,2015-09-28,0.024653101,6M
2015-03-20,USD-Disc,2016-03-28,0.026459017,1Y
2015-03-20,USD-Disc,2017-03-28,0.030103718,2Y
2015-03-20,USD-Disc,2020-03-26,0.029809323,5Y
2015-03-20,USD-Disc,2025-03-26,0.031159222,10Y
2015-03-20,USD-3ML,2015-06-24,0.023451758,3M
2015-03-20,USD-3ML,2016-03-24,0.025498195,1Y
2015-03-20,USD-3ML,2017-03-24,0.028141924,2Y
2015-03-20,USD-3ML,2020-03-24,0.028481755,5Y
2015-03-20,USD-3ML,2025-03-24,0.030232776,10Y
2015-03-20,USD-6ML,2015-09-24,0.023085234,6M
2015-03-20,USD-6ML,2016-03-24,0.028395868,1Y
2015-03-20,USD-6ML,2017-03-24,0.03227551,2Y
2015-03-20,USD-6ML,2020-03-24,0.02956897,5Y
2015-03-20,USD-6ML,2025-03-24,0.032998745,10Y
2015-03-19,USD-Disc,2015-03-20,0.021520171,1D
2015-03-19,USD-Disc,2015-04-27,0.021609449,1M
2015-03-19,USD-Disc,2015-09-25,0.024421833,6M
2015-03-19,USD-Disc,2016-03-25,0.026580396,1Y
2015-03-19,USD-Disc,2017-03-27,0.030017258,2Y
2015-03-19,USD-Disc,2020-03-25,0.029578425,5Y
2015-03-19,USD-Disc,2025-03-26,0.031296306,10Y
2015-03-19,USD-3ML,2015-06-23,0.023545493,3M
2015-03-19,USD-3ML,2016-03-23,0.025070887,1Y
2015-03-19,USD-3ML,2017-03-23,0.028267574,2Y
2015-03-19,USD-3ML,2020-03-23,0.028868648,5Y
2015-03-19,USD-3ML,2025-03-24,0.030707372,10Y
2015-03-19,USD-6ML,2015-09-23,0.023087238,6M
2015-03-19,USD-6ML,2016-03-23,0.028444302,1Y
2015-03-19,USD-6ML,2017-03-23,0.032274813,2Y
2015-03-19,USD-6ML,2020-03-23,0.030482231,5Y
2015-03-19,USD-6ML,2025-03-24,0.033494304,10Y
2015-03-18,USD-Disc,2015-03-19,0.021956117,1D
2015-03-18,USD-Disc,2015-04-22,0.021378704,1M
2015-03-18,USD-Disc,2015-09-23,0.024620673,6M
2015-03-18,USD-Disc,2016-03-23,0.026752769,1Y
2015-03-18,USD-Disc,2017-03-22,0.030065404,2Y
2015-03-18,USD-Disc,2020-03-24,0.029315953,5Y
2015-03-18,USD-Disc,2025-03-24,0.030968318,10Y
2015-03-18,USD-3ML,2015-06-22,0.023321256,3M
2015-03-18,USD-3ML,2016-03-21,0.025554951,1Y
2015-03-18,USD-3ML,2017-03-20,0.027946047,2Y
2015-03-18,USD-3ML,2020-03-20,0.028671055,5Y
2015-03-18,USD-3ML,2025-03-20,0.03052357,10Y
2015-03-18,USD-6ML,2015-09-21,0.023306959,6M
2015-03-18,USD-6ML,2016-03-21,0.028695991,1Y
2015-03-18,USD-6ML,2017-03-20,0.031441788,2Y
2015-03-18,USD-6ML,2020-03-20,0.030332687,5Y
2015-03-18,USD-6ML,2025-03-20,0.033692299,10Y
2015-03-17,USD-Disc,2015-03-18,0.021568835,1D
2015-03-17,USD-Disc,2015-04-22,0.021756557,1M
2015-03-17,USD-Disc,2015-09-23,0.024240716,6M
2015-03-17,USD-Disc,2016-03-23,0.026560373,1Y
2015-03-17,USD-Disc,2017-03-22,0.030312256,2Y
2015-03-17,USD-Disc,2020-03-23,0.029267998,5Y
2015-03-17,USD-Disc,2025-03-21,0.031234134,10Y
2015-03-17,USD-3ML,2015-06-19,0.023820638,3M
2015-03-17,USD-3ML,2016-03-21,0.025666597,1Y
2015-03-17,USD-3ML,2017-03-20,0.027700796,2Y
2015-03-17,USD-3ML,2020-03-19,0.028326501,5Y
2015-03-17,USD-3ML,2025-03-19,0.030413986,10Y
2015-03-17,USD-6ML,2015-09-21,0.022859311,6M
2015-03-17,USD-6ML,2016-03-21,0.028858983,1Y
2015-03-17,USD-6ML,2017-03-20,0.031554447,2Y
2015-03-17,USD-6ML,2020-03-19,0.029701055,5Y
2015-03-17,USD-6ML,2025-03-19,0.034015244,10Y
2015-03-16,USD-Disc,2015-03-17,0.021731048,1D
2015-03-16,USD-Disc,2015-04-22,0.022087806,1M
2015-03-16,USD-Disc,2015-09-22,0.024685634,6M
2015-03-16,USD-Disc,2016-03-22,0.026957245,1Y
2015-03-16,USD-Disc,2017-03-22,0.029805828,2Y
2015-03-16,USD-Disc,2020-03-20,0.028988629,5Y
2015-03-16,USD-Disc,2025-03-20,0.031061519,10Y
2015-03-16,USD-3ML,2015-06-18,0.023841802,3M
2015-03-16,USD-3ML,2016-03-18,0.026064587,1Y
2015-03-16,USD-3ML,2017-03-20,0.027309657,2Y
2015-03-16,USD-3ML,2020-03-18,0.028551642,5Y
2015-03-16,USD-3ML,2025-03-18,0.030289571,10Y
2015-03-16,USD-6ML,2015-09-18,0.022651252,6M
2015-03-16,USD-6ML,2016-03-18,0.028993154,1Y
2015-03-16,USD-6ML,2017-03-20,0.031459554,2Y
2015-03-16,USD-6ML,2020-03-18,0.029434273,5Y
2015-03-16,USD-6ML,2025-03-18,0.033820057,10Y
2015-03-13,USD-Disc,2015-03-16,0.022234579,1D
2015-03-13,USD-Disc,2015-04-21,0.022578934,1M
2015-03-13,USD-Disc,2015-09-21,0.02425446,6M
2015-03-13,USD-Disc,2016-03-21,0.027352088,1Y
2015-03-13,USD-Disc,2017-03-21,0.029840638,2Y
2015-03-13,USD-Disc,2020-03-19,0.028830651,5Y
2015-03-13,USD-Disc,2025-03-19,0.03104219,10Y
2015-03-13,USD-3ML,2015-06-17,0.023416481,3M
2015-03-13,USD-3ML,2016-03-17,0.025724963,1Y
2015-03-13,USD-3ML,2017-03-17,0.027089089,2Y
2015-03-13,USD-3ML,2020-03-17,0.028481703,5Y
2015-03-13,USD-3ML,2025-03-17,0.029821013,10Y
2015-03-13,USD-6ML,2015-09-17,0.022772536,6M
2015-03-13,USD-6ML,2016-03-17,0.028507046,1Y
2015-03-13,USD-6ML,2017-03-17,0.030848266,2Y
2015-03-13,USD-6ML,2020-03-17,0.029253434,5Y
2015-03-13,USD-6ML,2025-03-17,0.033029099,10Y
2015-03-12,USD-Disc,2015-03-13,0.021736117,1D
2015-03-12,USD-Disc,2015-04-20,0.022117477,1M
2015-03-12,USD-Disc,2015-09-18,0.02470225,6M
2015-03-12,USD-Disc,2016-03-18,0.026872864,1Y
2015-03-12,USD-Disc,2017-03-20,0.030118146,2Y
2015-03-12,USD-Disc,2020-03-18,0.028386061,5Y
2015-03-12,USD-Disc,2025-03-19,0.030857461,10Y
2015-03-12,USD-3ML,2015-06-16,0.023807536,3M
2015-03-12,USD-3ML,2016-03-16,0.025508669,1Y
2015-03-12,USD-3ML,2017-03-16,0.027051054,2Y
2015-03-12,USD-3ML,2020-03-16,0.028526998,5Y
2015-03-12,USD-3ML,2025-03-17,0.029514953,10Y
2015-03-12,USD-6ML,2015-09-16,0.02326361,6M
2015-03-12,USD-6ML,2016-03-16,0.028089131,1Y
2015-03-12,USD-6ML,2017-03-16,0.031172356,2Y
2015-03-12,USD-6ML,2020-03-16,0.029725255,5Y
2015-03-12,USD-6ML,2025-03-17,0.032444364,10Y
2015-03-11,USD-Disc,2015-03-12,0.021306253,1D
2015-03-11,USD-Disc,2015-04-15,0.022510121,1M
2015-03-11,USD-Disc,2015-09-16,0.025221475,6M
2015-03-11,USD-Disc,2016-03-16,0.027285478,1Y
2015-03-11,USD-Disc,2017-03-15,0.030310621,2Y
2015-03-11,USD-Disc,2020-03-17,0.028371495,5Y
2015-03-11,USD-Disc,2025-03-17,0.031165521,10Y
2015-03-11,USD-3ML,2015-06-15,0.024207027,3M
2015-03-11,USD-3ML,2016-03-14,0.025758522,1Y
2015-03-11,USD-3ML,2017-03-13,0.027323608,2Y
2015-03-11,USD-3ML,2020-03-13,0.028308034,5Y
2015-03-11,USD-3ML,2025-03-13,0.029155909,10Y
2015-03-11,USD-6ML,2015-09-14,0.023054443,6M
2015-03-11,USD-6ML,2016-03-14,0.028992211,1Y
2015-03-11,USD-6ML,2017-03-13,0.031156434,2Y
2015-03-11,USD-6ML,2020-03-13,0.029890567,5Y
2015-03-11,USD-6ML,2025-03-13,0.031877546,10Y
2015-03-10,USD-Disc,2015-03-11,0.020973717,1D
2015-03-10,USD-Disc,2015-04-15,0.022003472,1M
2015-03-10,USD-Disc,2015-09-16,0.025551905,6M
2015-03-10,USD-Disc,2016-03-16,0.027407013,1Y
2015-03-10,USD-Disc,2017-03-15,0.030555704,2Y
2015-03-10,USD-Disc,2020-03-16,0.028338229,5Y
2015-03-10,USD-Disc,2025-03-14,0.031572385,10Y
2015-03-10,USD-3ML,2015-06-12,0.024382961,3M
2015-03-10,USD-3ML,2016-03-14,0.02599592,1Y
2015-03-10,USD-3ML,2017-03-13,0.027046455,2Y
2015-03-10,USD-3ML,2020-03-12,0.027856525,5Y
2015-03-10,USD-3ML,2025-03-12,0.029472671,10Y
2015-03-10,USD-6ML,2015-09-14,0.023191996,6M
2015-03-10,USD-6ML,2016-03-14,0.029493915,1Y
2015-03-10,USD-6ML,2017-03-13,0.030502449,2Y
2015-03-10,USD-6ML,2020-03-12,0.029354547,5Y
2015-03-10,USD-6ML,2025-03-12,0.031701376,10Y
2015-03-09,USD-Disc,2015-03-10,0.02109639,1D
2015-03-09,USD-Disc,2015-04-15,0.022357971,1M
2015-03-09,USD-Disc,2015-09-15,0.025302213,6M
2015-03-09,USD-Disc,2016-03-15,0.027252811,1Y
2015-03-09,USD-Disc,2017-03-15,0.030843404,2Y
2015-03-09,USD-Disc,2020-03-13,0.028606464,5Y
2015-03-09,USD-Disc,2025-03-13,0.031013332,10Y
2015-03-09,USD-3ML,2015-06-11,0.024179405,3M
2015-03-09,USD-3ML,2016-03-11,0.025690709,1Y
2015-03-09,USD-3ML,2017-03-13,0.026940533,2Y
2015-03-09,USD-3ML,2020-03-11,0.027506168,5Y
2015-03-09,USD-3ML,2025-03-11,0.030001749,10Y
2015-03-09,USD-6ML,2015-09-11,0.023452992,6M
2015-03-09,USD-6ML,2016-03-11,0.029336348,1Y
2015-03-09,USD-6ML,2017-03-13,0.030192561,2Y
2015-03-09,USD-6ML,2020-03-11,0.02883528,5Y
2015-03-09,USD-6ML,2025-03-11,0.032515063,10Y
2015-03-06,USD-Disc,2015-03-09,0.020661301,1D
2015-03-06,USD-Disc,2015-04-14,0.021963654,1M
2015-03-06,USD-Disc,2015-09-14,0.025305882,6M
2015-03-06,USD-Disc,2016-03-14,0.027709156,1Y
2015-03-06,USD-Disc,2017-03-14,0.030428418,2Y
2015-03-06,USD-Disc,2020-03-12,0.028746461,5Y
2015-03-06,USD-Disc,2025-03-12,0.030667902,10Y
2015-03-06,USD-3ML,2015-06-10,0.024128011,3M
2015-03-06,USD-3ML,2016-03-10,0.025445077,1Y
2015-03-06,USD-3ML,2017-03-10,0.026788265,2Y
2015-03-06,USD-3ML,2020-03-10,0.027884833,5Y
2015-03-06,USD-3ML,2025-03-10,0.030006167,10Y
2015-03-06,USD-6ML,2015-09-10,0.022994035,6M
2015-03-06,USD-6ML,2016-03-10,0.028924893,1Y
2015-03-06,USD-6ML,2017-03-10,0.030166737,2Y
2015-03-06,USD-6ML,2020-03-10,0.029063935,5Y
2015-03-06,USD-6ML,2025-03-10,0.032774341,10Y
2015-03-05,USD-Disc,2015-03-06,0.020587447,1D
2015-03-05,USD-Disc,2015-04-13,0.021673207,1M
2015-03-05,USD-Disc,2015-09-11,0.025446263,6M
2015-03-05,USD-Disc,2016-03-11,0.028013932,1Y
2015-03-05,USD-Disc,2017-03-13,0.030333138,2Y
2015-03-05,USD-Disc,2020-03-11,0.028842387,5Y
2015-03-05,USD-Disc,2025-03-12,0.030431455,10Y
2015-03-05,USD-3ML,2015-06-09,0.02369365,3M
2015-03-05,USD-3ML,2016-03-09,0.025498209,1Y
2015-03-05,USD-3ML,2017-03-09,0.027141219,2Y
2015-03-05,USD-3ML,2020-03-09,0.027459668,5Y
2015-03-05,USD-3ML,2025-03-10,0.029968999,10Y
2015-03-05,USD-6ML,2015-09-09,0.023249581,6M
2015-03-05,USD-6ML,2016-03-09,0.029052077,1Y
2015-03-05,USD-6ML,2017-03-09,0.030891534,2Y
2015-03-05,USD-6ML,2020-03-09,0.028623856,5Y
2015-03-05,USD-6ML,2025-03-10,0.032695362,10Y
2015-03-04,USD-Disc,2015-03-05,0.020689844,1D
2015-03-04,USD-Disc,2015-04-08,0.021474417,1M
2015-03-04,USD-Disc,2015-09-10,0.025402919,6M
2015-03-04,USD-Disc,2016-03-09,0.027898845,1Y
2015-03-04,USD-Disc,2017-03-08,0.030295855,2Y
2015-03-04,USD-Disc,2020-03-10,0.029028585,5Y
2015-03-04,USD-Disc,2025-03-10,0.030719813,10Y
2015-03-04,USD-3ML,2015-06-08,0.023982328,3M
2015-03-04,USD-3ML,2016-03-07,0.025640402,1Y
2015-03-04,USD-3ML,2017-03-06,0.027634198,2Y
2015-03-04,USD-3ML,2020-03-06,0.027320022,5Y
2015-03-04,USD-3ML,2025-03-06,0.030481412,10Y
2015-03-04,USD-6ML,2015-09-07,0.023604525,6M
2015-03-04,USD-6ML,2016-03-07,0.029648492,1Y
2015-03-04,USD-6ML,2017-03-06,0.031021626,2Y
2015-03-04,USD-6ML,2020-03-06,0.028918138,5Y
2015-03-04,USD-6ML,2025-03-06,0.032744685,10Y
2015-03-03,USD-Disc,2015-03-04,0.020468829,1D
2015-03-03,USD-Disc,2015-04-08,0.021183979,1M
2015-03-03,USD-Disc,2015-09-10,0.025389659,6M
2015-03-03,USD-Disc,2016-03-09,0.027743026,1Y
2015-03-03,USD-Disc,2017-03-08,0.030281929,2Y
2015-03-03,USD-Disc,2020-03-09,0.028980609,5Y
2015-03-03,USD-Disc,2025-03-07,0.030911046,10Y
2015-03-03,USD-3ML,2015-06-05,0.02439203,3M
2015-03-03,USD-3ML,2016-03-07,0.025305881,1Y
2015-03-03,USD-3ML,2017-03-06,0.027671303,2Y
2015-03-03,USD-3ML,2020-03-05,0.027034332,5Y
2015-03-03,USD-3ML,2025-03-05,0.030773364,10Y
2015-03-03,USD-6ML,2015-09-07,0.023114842,6M
2015-03-03,USD-6ML,2016-03-07,0.029009358,1Y
2015-03-03,USD-6ML,2017-03-06,0.030880723,2Y
2015-03-03,USD-6ML,2020-03-05,0.028550832,5Y
2015-03-03,USD-6ML,2025-03-05,0.033530052,10Y
2015-03-02,USD-Disc,2015-03-03,0.020112974,1D
2015-03-02,USD-Disc,2015-04-08,0.020895686,1M
2015-03-02,USD-Disc,2015-09-09,0.02544747,6M
2015-03-02,USD-Disc,2016-03-08,0.027852924,1Y
2015-03-02,USD-Disc,2017-03-08,0.030408223,2Y
2015-03-02,USD-Disc,2020-03-06,0.028604416,5Y
2015-03-02,USD-Disc,2025-03-06,0.030803797,10Y
2015-03-02,USD-3ML,2015-06-04,0.02413708,3M
2015-03-02,USD-3ML,2016-03-04,0.02541022,1Y
2015-03-02,USD-3ML,2017-03-06,0.028023737,2Y
2015-03-02,USD-3ML,2020-03-04,0.027488562,5Y
2015-03-02,USD-3ML,2025-03-04,0.030407335,10Y
2015-03-02,USD-6ML,2015-09-04,0.023259602,6M
2015-03-02,USD-6ML,2016-03-04,0.029389854,1Y
2015-03-02,USD-6ML,2017-03-06,0.031141783,2Y
2015-03-02,USD-6ML,2020-03-04,0.028765338,5Y
2015-03-02,USD-6ML,2025-03-04,0.033021656,10Y
2015-02-27,USD-Disc,2015-03-02,0.020556888,1D
2015-02-27,USD-Disc,2015-04-07,0.020771553,1M
2015-02-27,USD-Disc,2015-09-08,0.025637143,6M
2015-02-27,USD-Disc,2016-03-07,0.027995356,1Y
2015-02-27,USD-Disc,2017-03-07,0.030209442,2Y
2015-02-27,USD-Disc,2020-03-05,0.028484791,5Y
2015-02-27,USD-Disc,2025-03-05,0.031228188,10Y
2015-02-27,USD-3ML,2015-06-03,0.024101809,3M
2015-02-27,USD-3ML,2016-03-03,0.025736318,1Y
2015-02-27,USD-3ML,2017-03-03,0.027805449,2Y
2015-02-27,USD-3ML,2020-03-03,0.027094845,5Y
2015-02-27,USD-3ML,2025-03-03,0.030368395,10Y
2015-02-27,USD-6ML,2015-09-03,0.02334177,6M
2015-02-27,USD-6ML,2016-03-03,0.029452746,1Y
2015-02-27,USD-6ML,2017-03-03,0.030966333,2Y
2015-02-27,USD-6ML,2020-03-03,0.028258343,5Y
2015-02-27,USD-6ML,2025-03-03,0.033203718,10Y
2015-02-26,USD-Disc,2015-02-27,0.020547908,1D
2015-02-26,USD-Disc,2015-04-06,0.020720854,1M
2015-02-26,USD-Disc,2015-09-04,0.025483445,6M
2015-02-26,USD-Disc,2016-03-04,0.028307686,1Y
2015-02-26,USD-Disc,2017-03-06,0.029775895,2Y
2015-02-26,USD-Disc,2020-03-04,0.02887789,5Y
2015-02-26,USD-Disc,2025-03-05,0.031064947,10Y
2015-02-26,USD-3ML,2015-06-02,0.023849864,3M
2015-02-26,USD-3ML,2016-03-02,0.026215035,1Y
2015-02-26,USD-3ML,2017-03-02,0.028201451,2Y
2015-02-26,USD-3ML,2020-03-02,0.026738907,5Y
2015-02-26,USD-3ML,2025-03-03,0.030722507,10Y
2015-02-26,USD-6ML,2015-09-02,0.023096257,6M
2015-02-26,USD-6ML,2016-03-02,0.030008761,1Y
2015-02-26,USD-6ML,2017-03-02,0.031455156,2Y
2015-02-26,USD-6ML,2020-03-02,0.027411454,5Y
2015-02-26,USD-6ML,2025-03-03,0.034128928,10Y
2015-02-25,USD-Disc,2015-02-26,0.020292422,1D
2015-02-25,USD-Disc,2015-03-31,0.021246053,1M
2015-02-25,USD-Disc,2015-08-31,0.025554685,6M
2015-02-25,USD-Disc,2016-03-02,0.027925841,1Y
2015-02-25,USD-Disc,2017-03-01,0.029446515,2Y
2015-02-25,USD-Disc,2020-03-02,0.028499293,5Y
2015-02-25,USD-Disc,2025-03-03,0.03098939,10Y
2015-02-25,USD-3ML,2015-05-27,0.023823973,3M
2015-02-25,USD-3ML,2016-02-29,0.026783635,1Y
2015-02-25,USD-3ML,2017-02-27,0.027687339,2Y
2015-02-25,USD-3ML,2020-02-27,0.026331036,5Y
2015-02-25,USD-3ML,2025-02-27,0.031167583,10Y
2015-02-25,USD-6ML,2015-08-27,0.023011236,6M
2015-02-25,USD-6ML,2016-02-29,0.030321619,1Y
2015-02-25,USD-6ML,2017-02-27,0.031008252,2Y
2015-02-25,USD-6ML,2020-02-27,0.02663176,5Y
2015-02-25,USD-6ML,2025-02-27,0.034207155,10Y
2015-02-24,USD-Disc,2015-02-25,0.02035021,1D
2015-02-24,USD-Disc,2015-03-30,0.020917979,1M
2015-02-24,USD-Disc,2015-08-28,0.025175106,6M
2015-02-24,USD-Disc,2016-03-01,0.027668725,1Y
2015-02-24,USD-Disc,2017-03-01,0.029943316,2Y
2015-02-24,USD-Disc,2020-02-28,0.02872244,5Y
2015-02-24,USD-Disc,2025-02-28,0.030942581,10Y
2015-02-24,USD-3ML,2015-05-26,0.023495347,3M
2015-02-24,USD-3ML,2016-02-26,0.027238978,1Y
2015-02-24,USD-3ML,2017-02-27,0.027692541,2Y
2015-02-24,USD-3ML,2020-02-26,0.026193078,5Y
2015-02-24,USD-3ML,2025-02-26,0.030988394,10Y
2015-02-24,USD-6ML,2015-08-26,0.022846838,6M
2015-02-24,USD-6ML,2016-02-26,0.030538991,1Y
2015-02-24,USD-6ML,2017-02-27,0.03104423,2Y
2015-02-24,USD-6ML,2020-02-26,0.026203615,5Y
2015-02-24,USD-6ML,2025-02-26,0.034337061,10Y
2015-02-23,USD-Disc,2015-02-24,0.02054588,1D
2015-02-23,USD-Disc,2015-03-27,0.02112651,1M
2015-02-23,USD-Disc,2015-08-27,0.02561627,6M
2015-02-23,USD-Disc,2016-02-29,0.027249708,1Y
2015-02-23,USD-Disc,2017-03-01,0.029578011,2Y
2015-02-23,USD-Disc,2020-02-27,0.028477464,5Y
2015-02-23,USD-Disc,2025-02-27,0.031235432,10Y
2015-02-23,USD-3ML,2015-05-26,0.023908872,3M
2015-02-23,USD-3ML,2016-02-25,0.027253979,1Y
2015-02-23,USD-3ML,2017-02-27,0.027597908,2Y
2015-02-23,USD-3ML,2020-02-25,0.025869777,5Y
2015-02-23,USD-3ML,2025-02-25,0.030842629,10Y
2015-02-23,USD-6ML,2015-08-25,0.022893953,6M
2015-02-23,USD-6ML,2016-02-25,0.030259949,1Y
2015-02-23,USD-6ML,2017-02-27,0.030491127,2Y
2015-02-23,USD-6ML,2020-02-25,0.025564049,5Y
2015-02-23,USD-6ML,2025-02-25,0.034746049,10Y
2015-02-20,USD-Disc,2015-02-23,0.020058138,1D
2015-02-20,USD-Disc,2015-03-26,0.020947652,1M
2015-02-20,USD-Disc,2015-08-26,0.025196175,6M
2015-02-20,USD-Disc,2016-02-26,0.026922427,1Y
2015-02-20,USD-Disc,2017-02-28,0.029803553,2Y
2015-02-20,USD-Disc,2020-02-26,0.02864758,5Y
2015-02-20,USD-Disc,2025-02-26,0.030801085,10Y
2015-02-20,USD-3ML,2015-05-26,0.023615799,3M
2015-02-20,USD-3ML,2016-02-24,0.027185981,1Y
2015-02-20,USD-3ML,2017-02-24,0.027339798,2Y
2015-02-20,USD-3ML,2020-02-24,0.026238278,5Y
2015-02-20,USD-3ML,2025-02-24,0.031059344,10Y
2015-02-20,USD-6ML,2015-08-24,0.022474888,6M
2015-02-20,USD-6ML,2016-02-24,0.030069334,1Y
2015-02-20,USD-6ML,2017-02-24,0.030024947,2Y
2015-02-20,USD-6ML,2020-02-24,0.026042147,5Y
2015-02-20,USD-6ML,2025-02-24,0.034840661,10Y
2015-02-19,USD-Disc,2015-02-20,0.020027812,1D
2015-02-19,USD-Disc,2015-03-25,0.021247926,1M
2015-02-19,USD-Disc,2015-08-26,0.02551033,6M
2015-02-19,USD-Disc,2016-02-25,0.026648858,1Y
2015-02-19,USD-Disc,2017-02-27,0.029752581,2Y
2015-02-19,USD-Disc,2020-02-26,0.028889034,5Y
2015-02-19,USD-Disc,2025-02-26,0.030717712,10Y
2015-02-19,USD-3ML,2015-05-26,0.023634187,3M
2015-02-19,USD-3ML,2016-02-23,0.026822159,1Y
2015-02-19,USD-3ML,2017-02-23,0.027255463,2Y
2015-02-19,USD-3ML,2020-02-24,0.026703607,5Y
2015-02-19,USD-3ML,2025-02-24,0.03103196,10Y
2015-02-19,USD-6ML,2015-08-24,0.022884217,6M
2015-02-19,USD-6ML,2016-02-23,0.029702048,1Y
2015-02-19,USD-6ML,2017-02-23,0.029759552,2Y
2015-02-19,USD-6ML,2020-02-24,0.026697398,5Y
2015-02-19,USD-6ML,2025-02-24,0.034358362,10Y
2015-02-18,USD-Disc,2015-02-19,0.020323851,1D
2015-02-18,USD-Disc,2015-03-24,0.021514487,1M
2015-02-18,USD-Disc,2015-08-24,0.025609935,6M
2015-02-18,USD-Disc,2016-02-24,0.026370915,1Y
2015-02-18,USD-Disc,2017-02-23,0.029852873,2Y
2015-02-18,USD-Disc,2020-02-24,0.029101447,5Y
2015-02-18,USD-Disc,2025-02-24,0.030360533,10Y
2015-02-18,USD-3ML,2015-05-20,0.023935861,3M
2015-02-18,USD-3ML,2016-02-22,0.02675003,1Y
2015-02-18,USD-3ML,2017-02-21,0.027164111,2Y
2015-02-18,USD-3ML,2020-02-20,0.02704701,5Y
2015-02-18,USD-3ML,2025-02-20,0.030583234,10Y
2015-02-18,USD-6ML,2015-08-20,0.023287875,6M
2015-02-18,USD-6ML,2016-02-22,0.029144792,1Y
2015-02-18,USD-6ML,2017-02-21,0.029183127,2Y
2015-02-18,USD-6ML,2020-02-20,0.027165496,5Y
2015-02-18,USD-6ML,2025-02-20,0.034094906,10Y
2015-02-17,USD-Disc,2015-02-18,0.020698969,1D
2015-02-17,USD-Disc,2015-03-23,0.021016166,1M
2015-02-17,USD-Disc,2015-08-21,0.02605558,6M
2015-02-17,USD-Disc,2016-02-23,0.02668674,1Y
2015-02-17,USD-Disc,2017-02-23,0.030341091,2Y
2015-02-17,USD-Disc,2020-02-21,0.02901687,5Y
2015-02-17,USD-Disc,2025-02-21,0.030068321,10Y
2015-02-17,USD-3ML,2015-05-19,0.023815909,3M
2015-02-17,USD-3ML,2016-02-19,0.027217898,1Y
2015-02-17,USD-3ML,2017-02-21,0.027550694,2Y
2015-02-17,USD-3ML,2020-02-19,0.027150072,5Y
2015-02-17,USD-3ML,2025-02-19,0.030072409,10Y
2015-02-17,USD-6ML,2015-08-19,0.023673703,6M
2015-02-17,USD-6ML,2016-02-19,0.029506395,1Y
2015-02-17,USD-6ML,2017-02-21,0.029596631,2Y
2015-02-17,USD-6ML,2020-02-19,0.027617633,5Y
2015-02-17,USD-6ML,2025-02-19,0.033911701,10Y
2015-02-13,USD-Disc,2015-02-17,0.021179709,1D
2015-02-13,USD-Disc,2015-03-20,0.020615274,1M
2015-02-13,USD-Disc,2015-08-20,0.025559675,6M
2015-02-13,USD-Disc,2016-02-22,0.026652241,1Y
2015-02-13,USD-Disc,2017-02-23,0.030113236,2Y
2015-02-13,USD-Disc,2020-02-20,0.028803741,5Y
2015-02-13,USD-Disc,2025-02-20,0.030347937,10Y
2015-02-13,USD-3ML,2015-05-18,0.023782879,3M
2015-02-13,USD-3ML,2016-02-17,0.027607601,1Y
2015-02-13,USD-3ML,2017-02-17,0.027627698,2Y
2015-02-13,USD-3ML,2020-02-18,0.027328947,5Y
2015-02-13,USD-3ML,2025-02-18,0.029572228,10Y
2015-02-13,USD-6ML,2015-08-17,0.02392821,6M
2015-02-13,USD-6ML,2016-02-17,0.030363196,1Y
2015-02-13,USD-6ML,2017-02-17,0.029965675,2Y
2015-02-13,USD-6ML,2020-02-18,0.028169163,5Y
2015-02-13,USD-6ML,2025-02-18,0.032900204,10Y
2015-02-12,USD-Disc,2015-02-13,0.021123764,1D
2015-02-12,USD-Disc,2015-03-19,0.020924438,1M
2015-02-12,USD-Disc,2015-08-19,0.025084993,6M
2015-02-12,USD-Disc,2016-02-19,0.026600367,1Y
2015-02-12,USD-Disc,2017-02-22,0.03038669,2Y
2015-02-12,USD-Disc,2020-02-20,0.029187406,5Y
2015-02-12,USD-Disc,2025-02-20,0.030255405,10Y
2015-02-12,USD-3ML,2015-05-18,0.023629911,3M
2015-02-12,USD-3ML,2016-02-16,0.027867415,1Y
2015-02-12,USD-3ML,2017-02-16,0.027828413,2Y
2015-02-12,USD-3ML,2020-02-18,0.027668492,5Y
2015-02-12,USD-3ML,2025-02-18,0.02977173,10Y
2015-02-12,USD-6ML,2015-08-17,0.023756102,6M
2015-02-12,USD-6ML,2016-02-16,0.030747692,1Y
2015-02-12,USD-6ML,2017-02-16,0.0306414,2Y
2015-02-12,USD-6ML,2020-02-18,0.028371873,5Y
2015-02-12,USD-6ML,2025-02-18,0.032712336,10Y
2015-02-11,USD-Disc,2015-02-12,0.021470494,1D
2015-02-11,USD-Disc,2015-03-17,0.020941606,1M
2015-02-11,USD-Disc,2015-08-17,0.025537953,6M
2015-02-11,USD-Disc,2016-02-18,0.026253422,1Y
2015-02-11,USD-Disc,2017-02-15,0.030297801,2Y
2015-02-11,USD-Disc,2020-02-18,0.029284499,5Y
2015-02-11,USD-Disc,2025-02-18,0.030315287,10Y
2015-02-11,USD-3ML,2015-05-13,0.023757443,3M
2015-02-11,USD-3ML,2016-02-16,0.027860926,1Y
2015-02-11,USD-3ML,2017-02-13,0.027819076,2Y
2015-02-11,USD-3ML,2020-02-13,0.027637315,5Y
2015-02-11,USD-3ML,2025-02-13,0.029723943,10Y
2015-02-11,USD-6ML,2015-08-13,0.024190698,6M
2015-02-11,USD-6ML,2016-02-16,0.030228561,1Y
2015-02-11,USD-6ML,2017-02-13,0.030881141,2Y
2015-02-11,USD-6ML,2020-02-13,0.028440531,5Y
2015-02-11,USD-6ML,2025-02-13,0.032934563,10Y
2015-02-10,USD-Disc,2015-02-11,0.021023395,1D
2015-02-10,USD-Disc,2015-03-16,0.020493081,1M
2015-02-10,USD-Disc,2015-08-14,0.025475927,6M
2015-02-10,USD-Disc,2016-02-17,0.026164266,1Y
2015-02-10,USD-Disc,2017-02-15,0.030482293,2Y
2015-02-10,USD-Disc,2020-02-14,0.029364451,5Y
2015-02-10,USD-Disc,2025-02-14,0.030497594,10Y
2015-02-10,USD-3ML,2015-05-12,0.024112256,3M
2015-02-10,USD-3ML,2016-02-12,0.027778173,1Y
2015-02-10,USD-3ML,2017-02-13,0.027361555,2Y
2015-02-10,USD-3ML,2020-02-12,0.027211653,5Y
2015-02-10,USD-3ML,2025-02-12,0.029659055,10Y
2015-02-10,USD-6ML,2015-08-12,0.024439129,6M
2015-02-10,USD-6ML,2016-02-12,0.030770701,1Y
2015-02-10,USD-6ML,2017-02-13,0.030623463,2Y
2015-02-10,USD-6ML,2020-02-12,0.027562593,5Y
2015-02-10,USD-6ML,2025-02-12,0.03266465,10Y
2015-02-09,USD-Disc,2015-02-10,0.020563115,1D
2015-02-09,USD-Disc,2015-03-13,0.0207459,1M
2015-02-09,USD-Disc,2015-08-13,0.025924324,6M
2015-02-09,USD-Disc,2016-02-16,0.026578291,1Y
2015-02-09,USD-Disc,2017-02-15,0.03009579,2Y
2015-02-09,USD-Disc,2020-02-13,0.029769589,5Y
2015-02-09,USD-Disc,2025-02-13,0.030320535,10Y
2015-02-09,USD-3ML,2015-05-11,0.024507351,3M
2015-02-09,USD-3ML,2016-02-11,0.027762957,1Y
2015-02-09,USD-3ML,2017-02-13,0.027396772,2Y
2015-02-09,USD-3ML,2020-02-11,0.026867148,5Y
2015-02-09,USD-3ML,2025-02-11,0.029767024,10Y
2015-02-09,USD-6ML,2015-08-11,0.024325936,6M
2015-02-09,USD-6ML,2016-02-11,0.030812031,1Y
2015-02-09,USD-6ML,2017-02-13,0.03022563,2Y
2015-02-09,USD-6ML,2020-02-11,0.027257658,5Y
2015-02-09,USD-6ML,2025-02-11,0.032565446,10Y
2015-02-06,USD-Disc,2015-02-09,0.021018129,1D
2015-02-06,USD-Disc,2015-03-12,0.020857491,1M
2015-02-06,USD-Disc,2015-08-12,0.026352868,6M
2015-02-06,USD-Disc,2016-02-12,0.02700493,1Y
2015-02-06,USD-Disc,2017-02-14,0.03027387,2Y
2015-02-06,USD-Disc,2020-02-12,0.030074433,5Y
2015-02-06,USD-Disc,2025-02-12,0.030353206,10Y
2015-02-06,USD-3ML,2015-05-11,0.024700019,3M
2015-02-06,USD-3ML,2016-02-10,0.027491785,1Y
2015-02-06,USD-3ML,2017-02-10,0.027467732,2Y
2015-02-06,USD-3ML,2020-02-10,0.027193702,5Y
2015-02-06,USD-3ML,2025-02-10,0.02982017,10Y
2015-02-06,USD-6ML,2015-08-10,0.023993334,6M
2015-02-06,USD-6ML,2016-02-10,0.031258556,1Y
2015-02-06,USD-6ML,2017-02-10,0.030605859,2Y
2015-02-06,USD-6ML,2020-02-10,0.027058319,5Y
2015-02-06,USD-6ML,2025-02-10,0.032752287,10Y
2015-02-05,USD-Disc,2015-02-06,0.020662471,1D
2015-02-05,USD-Disc,2015-03-11,0.020558834,1M
2015-02-05,USD-Disc,2015-08-12,0.026662614,6M
2015-02-05,USD-Disc,2016-02-11,0.026908556,1Y
2015-02-05,USD-Disc,2017-02-13,0.030646122,2Y
2015-02-05,USD-Disc,2020-02-12,0.030238044,5Y
2015-02-05,USD-Disc,2025-02-12,0.030092399,10Y
2015-02-05,USD-3ML,2015-05-11,0.024752591,3M
2015-02-05,USD-3ML,2016-02-09,0.027591358,1Y
2015-02-05,USD-3ML,2017-02-09,0.027851004,2Y
2015-02-05,USD-3ML,2020-02-10,0.027581103,5Y
2015-02-05,USD-3ML,2025-02-10,0.030028772,10Y
2015-02-05,USD-6ML,2015-08-10,0.024421287,6M
2015-02-05,USD-6ML,2016-02-09,0.031536611,1Y
2015-02-05,USD-6ML,2017-02-09,0.031086382,2Y
2015-02-05,USD-6ML,2020-02-10,0.027609414,5Y
2015-02-05,USD-6ML,2025-02-10,0.033309228,10Y
2015-02-04,USD-Disc,2015-02-05,0.020230578,1D
2015-02-04,USD-Disc,2015-03-10,0.020676775,1M
2015-02-04,USD-Disc,2015-08-10,0.026970775,6M
2015-02-04,USD-Disc,2016-02-10,0.026950225,1Y
2015-02-04,USD-Disc,2017-02-08,0.030251917,2Y
2015-02-04,USD-Disc,2020-02-10,0.030480202,5Y
2015-02-04,USD-Disc,2025-02-10,0.030263534,10Y
2015-02-04,USD-3ML,2015-05-06,0.025079769,3M
2015-02-04,USD-3ML,2016-02-08,0.027370076,1Y
2015-02-04,USD-3ML,2017-02-06,0.028287836,2Y
2015-02-04,USD-3ML,2020-02-06,0.027201546,5Y
2015-02-04,USD-3ML,2025-02-06,0.029902169,10Y
2015-02-04,USD-6ML,2015-08-06,0.024739609,6M
2015-02-04,USD-6ML,2016-02-08,0.030882119,1Y
2015-02-04,USD-6ML,2017-02-06,0.031602446,2Y
2015-02-04,USD-6ML,2020-02-06,0.027093661,5Y
2015-02-04,USD-6ML,2025-02-06,0.033486569,10Y
2015-02-03,USD-Disc,2015-02-04,0.020476939,1D
2015-02-03,USD-Disc,2015-03-09,0.020127462,1M
2015-02-03,USD-Disc,2015-08-07,0.027325489,6M
2015-02-03,USD-Disc,2016-02-09,0.026733978,1Y
2015-02-03,USD-Disc,2017-02-08,0.030271478,2Y
2015-02-03,USD-Disc,2020-02-07,0.02997815,5Y
2015-02-03,USD-Disc,2025-02-07,0.030480445,10Y
2015-02-03,USD-3ML,2015-05-05,0.024876207,3M
2015-02-03,USD-3ML,2016-02-05,0.027760239,1Y
2015-02-03,USD-3ML,2017-02-06,0.027865201,2Y
2015-02-03,USD-3ML,2020-02-05,0.027207676,5Y
2015-02-03,USD-3ML,2025-02-05,0.030064548,10Y
2015-02-03,USD-6ML,2015-08-05,0.02455532,6M
2015-02-03,USD-6ML,2016-02-05,0.031843266,1Y
2015-02-03,USD-6ML,2017-02-06,0.030953161,2Y
2015-02-03,USD-6ML,2020-02-05,0.026987593,5Y
2015-02-03,USD-6ML,2025-02-05,0.033269687,10Y
2015-02-02,USD-Disc,2015-02-03,0.020570212,1D
2015-02-02,USD-Disc,2015-03-06,0.020175976,1M
2015-02-02,USD-Disc,2015-08-06,0.027034871,6M
2015-02-02,USD-Disc,2016-02-08,0.026329134,1Y
2015-02-02,USD-Disc,2017-02-08,0.03036784,2Y
2015-02-02,USD-Disc,2020-02-06,0.030024638,5Y
2015-02-02,USD-Disc,2025-02-06,0.030005044,10Y
2015-02-02,USD-3ML,2015-05-05,0.025150451,3M
2015-02-02,USD-3ML,2016-02-04,0.027311084,1Y
2015-02-02,USD-3ML,2017-02-06,0.027400707,2Y
2015-02-02,USD-3ML,2020-02-04,0.027069498,5Y
2015-02-02,USD-3ML,2025-02-04,0.030282966,10Y
2015-02-02,USD-6ML,2015-08-04,0.024652475,6M
2015-02-02,USD-6ML,2016-02-04,0.031420993,1Y
2015-02-02,USD-6ML,2017-02-06,0.030924731,2Y
2015-02-02,USD-6ML,2020-02-04,0.026883266,5Y
2015-02-02,USD-6ML,2025-02-04,0.033913607,10Y
2015-01-30,USD-Disc,2015-02-02,0.020604533,1D
2015-01-30,USD-Disc,2015-03-05,0.020356956,1M
2015-01-30,USD-Disc,2015-08-05,0.02658845,6M
2015-01-30,USD-Disc,2016-02-05,0.026010783,1Y
2015-01-30,USD-Disc,2017-02-07,0.030686083,2Y
2015-01-30,USD-Disc,2020-02-05,0.029738186,5Y
2015-01-30,USD-Disc,2025-02-05,0.030455658,10Y
2015-01-30,USD-3ML,2015-05-05,0.025160669,3M
2015-01-30,USD-3ML,2016-02-03,0.026895436,1Y
2015-01-30,USD-3ML,2017-02-03,0.026938799,2Y
2015-01-30,USD-3ML,2020-02-03,0.026907212,5Y
2015-01-30,USD-3ML,2025-02-03,0.030570306,10Y
2015-01-30,USD-6ML,2015-08-03,0.02508811,6M
2015-01-30,USD-6ML,2016-02-03,0.030453423,1Y
2015-01-30,USD-6ML,2017-02-03,0.030072055,2Y
2015-01-30,USD-6ML,2020-02-03,0.026738493,5Y
2015-01-30,USD-6ML,2025-02-03,0.034719344,10Y
2015-01-29,USD-Disc,2015-01-30,0.020917956,1D
2015-01-29,USD-Disc,2015-03-04,0.02051903,1M
2015-01-29,USD-Disc,2015-08-05,0.026595714,6M
2015-01-29,USD-Disc,2016-02-04,0.026470984,1Y
2015-01-29,USD-Disc,2017-02-06,0.030424369,2Y
2015-01-29,USD-Disc,2020-02-05,0.029313046,5Y
2015-01-29,USD-Disc,2025-02-05,0.030056258,10Y
2015-01-29,USD-3ML,2015-05-05,0.024952258,3M
2015-01-29,USD-3ML,2016-02-02,0.027271175,1Y
2015-01-29,USD-3ML,2017-02-02,0.026915556,2Y
2015-01-29,USD-3ML,2020-02-03,0.027289798,5Y
2015-01-29,USD-3ML,2025-02-03,0.030352954,10Y
2015-01-29,USD-6ML,2015-08-03,0.024805871,6M
2015-01-29,USD-6ML,2016-02-02,0.031296614,1Y
2015-01-29,USD-6ML,2017-02-02,0.029634334,2Y
2015-01-29,USD-6ML,2020-02-03,0.02720463,5Y
2015-01-29,USD-6ML,2025-02-03,0.034161077,10Y
2015-01-28,USD-Disc,2015-01-29,0.021350862,1D
2015-01-28,USD-Disc,2015-03-03,0.020873963,1M
2015-01-28,USD-Disc,2015-08-03,0.026806013,6M
2015-01-28,USD-Disc,2016-02-02,0.026089801,1Y
2015-01-28,USD-Disc,2017-02-01,0.030746647,2Y
2015-01-28,USD-Disc,2020-02-03,0.028932441,5Y
2015-01-28,USD-Disc,2025-02-03,0.02988929,10Y
2015-01-28,USD-3ML,2015-04-30,0.024668779,3M
2015-01-28,USD-3ML,2016-01-29,0.026858767,1Y
2015-01-28,USD-3ML,2017-01-30,0.02729868,2Y
2015-01-28,USD-3ML,2020-01-30,0.027643436,5Y
2015-01-28,USD-3ML,2025-01-30,0.029878424,10Y
2015-01-28,USD-6ML,2015-07-30,0.024920877,6M
2015-01-28,USD-6ML,2016-01-29,0.030731673,1Y
2015-01-28,USD-6ML,2017-01-30,0.029687045,2Y
2015-01-28,USD-6ML,2020-01-30,0.027293227,5Y
2015-01-28,USD-6ML,2025-01-30,0.03316689,10Y
2015-01-27,USD-Disc,2015-01-28,0.021139985,1D
2015-01-27,USD-Disc,2015-03-03,0.02067032,1M
2015-01-27,USD-Disc,2015-07-31,0.027042324,6M
2015-01-27,USD-Disc,2016-02-02,0.026384141,1Y
2015-01-27,USD-Disc,2017-02-01,0.030400227,2Y
2015-01-27,USD-Disc,2020-01-31,0.028508187,5Y
2015-01-27,USD-Disc,2025-01-31,0.030052818,10Y
2015-01-27,USD-3ML,2015-04-29,0.024575058,3M
2015-01-27,USD-3ML,2016-01-29,0.026907272,1Y
2015-01-27,USD-3ML,2017-01-30,0.027011105,2Y
2015-01-27,USD-3ML,2020-01-29,0.0280654,5Y
2015-01-27,USD-3ML,2025-01-29,0.030145715,10Y
2015-01-27,USD-6ML,2015-07-29,0.025395502,6M
2015-01-27,USD-6ML,2016-01-29,0.030106687,1Y
2015-01-27,USD-6ML,2017-01-30,0.029233246,2Y
2015-01-27,USD-6ML,2020-01-29,0.027860509,5Y
2015-01-27,USD-6ML,2025-01-29,0.033949258,10Y
2015-01-26,USD-Disc,2015-01-27,0.021271783,1D
2015-01-26,USD-Disc,2015-03-03,0.02023224,1M
2015-01-26,USD-Disc,2015-07-30,0.026584737,6M
2015-01-26,USD-Disc,2016-02-01,0.026701737,1Y
2015-01-26,USD-Disc,2017-02-01,0.030654491,2Y
2015-01-26,USD-Disc,2020-01-30,0.028179217,5Y
2015-01-26,USD-Disc,2025-01-30,0.029534767,10Y
2015-01-26,USD-3ML,2015-04-28,0.024743352,3M
2015-01-26,USD-3ML,2016-01-28,0.026896777,1Y
2015-01-26,USD-3ML,2017-01-30,0.026949154,2Y
2015-01-26,USD-3ML,2020-01-28,0.028388323,5Y
2015-01-26,USD-3ML,2025-01-28,0.02976625,10Y
2015-01-26,USD-6ML,2015-07-28,0.025858004,6M
2015-01-26,USD-6ML,2016-01-28,0.030371537,1Y
2015-01-26,USD-6ML,2017-01-30,0.029440579,2Y
2015-01-26,USD-6ML,2020-01-28,0.028323902,5Y
2015-01-26,USD-6ML,2025-01-28,0.033639293,10Y
2015-01-23,USD-Disc,2015-01-26,0.021080979,1D
2015-01-23,USD-Disc,2015-03-03,0.020098392,1M
2015-01-23,USD-Disc,2015-07-29,0.026775479,6M
2015-01-23,USD-Disc,2016-01-29,0.026860706,1Y
2015-01-23,USD-Disc,2017-01-31,0.03030001,2Y
2015-01-23,USD-Disc,2020-01-29,0.028203871,5Y
2015-01-23,USD-Disc,2025-01-29,0.029031092,10Y
2015-01-23,USD-3ML,2015-04-27,0.024480328,3M
2015-01-23,USD-3ML,2016-01-27,0.027034175,1Y
2015-01-23,USD-3ML,2017-01-27,0.026909827,2Y
2015-01-23,USD-3ML,2020-01-27,0.027932552,5Y
2015-01-23,USD-3ML,2025-01-27,0.029964983,10Y
2015-01-23,USD-6ML,2015-07-27,0.026342416,6M
2015-01-23,USD-6ML,2016-01-27,0.030730387,1Y
2015-01-23,USD-6ML,2017-01-27,0.029106747,2Y
2015-01-23,USD-6ML,2020-01-27,0.027427676,5Y
2015-01-23,USD-6ML,2025-01-27,0.033966243,10Y
2015-01-22,USD-Disc,2015-01-23,0.021548558,1D
2015-01-22,USD-Disc,2015-03-02,0.020151024,1M
2015-01-22,USD-Disc,2015-07-29,0.026921145,6M
2015-01-22,USD-Disc,2016-01-28,0.026679482,1Y
2015-01-22,USD-Disc,2017-01-30,0.030455133,2Y
2015-01-22,USD-Disc,2020-01-29,0.027838624,5Y
2015-01-22,USD-Disc,2025-01-29,0.0287656,10Y
2015-01-22,USD-3ML,2015-04-27,0.024957139,3M
2015-01-22,USD-3ML,2016-01-26,0.026815656,1Y
2015-01-22,USD-3ML,2017-01-26,0.026937003,2Y
2015-01-22,USD-3ML,2020-01-27,0.027502641,5Y
2015-01-22,USD-3ML,2025-01-27,0.029458373,10Y
2015-01-22,USD-6ML,2015-07-27,0.025871104,6M
2015-01-22,USD-6ML,2016-01-26,0.030317006,1Y
2015-01-22,USD-6ML,2017-01-26,0.029267911,2Y
2015-01-22,USD-6ML,2020-01-27,0.02735542,5Y
2015-01-22,USD-6ML,2025-01-27,0.033628213,10Y
2015-01-21,USD-Disc,2015-01-22,0.021749296,1D
2015-01-21,USD-Disc,2015-02-25,0.019663155,1M
2015-01-21,USD-Disc,2015-07-27,0.027564203,6M
2015-01-21,USD-Disc,2016-01-27,0.026223142,1Y
2015-01-21,USD-Disc,2017-01-25,0.030456198,2Y
2015-01-21,USD-Disc,2020-01-27,0.028016387,5Y
2015-01-21,USD-Disc,2025-01-27,0.028271999,10Y
2015-01-21,USD-3ML,2015-04-23,0.024536763,3M
2015-01-21,USD-3ML,2016-01-25,0.026916378,1Y
2015-01-21,USD-3ML,2017-01-23,0.027277994,2Y
2015-01-21,USD-3ML,2020-01-23,0.027270321,5Y
2015-01-21,USD-3ML,2025-01-23,0.029514705,10Y
2015-01-21,USD-6ML,2015-07-23,0.026225327,6M
2015-01-21,USD-6ML,2016-01-25,0.030114933,1Y
2015-01-21,USD-6ML,2017-01-23,0.029493008,2Y
2015-01-21,USD-6ML,2020-01-23,0.026552116,5Y
2015-01-21,USD-6ML,2025-01-23,0.033603563,10Y
2015-01-20,USD-Disc,2015-01-21,0.022134551,1D
2015-01-20,USD-Disc,2015-02-25,0.020061403,1M
2015-01-20,USD-Disc,2015-07-24,0.027008546,6M
2015-01-20,USD-Disc,2016-01-26,0.026331548,1Y
2015-01-20,USD-Disc,2017-01-25,0.030070388,2Y
2015-01-20,USD-Disc,2020-01-24,0.027801952,5Y
2015-01-20,USD-Disc,2025-01-24,0.028459553,10Y
2015-01-20,USD-3ML,2015-04-22,0.02423442,3M
2015-01-20,USD-3ML,2016-01-22,0.027059825,1Y
2015-01-20,USD-3ML,2017-01-23,0.027051518,2Y
2015-01-20,USD-3ML,2020-01-22,0.027352245,5Y
2015-01-20,USD-3ML,2025-01-22,0.029616397,10Y
2015-01-20,USD-6ML,2015-07-22,0.026576573,6M
2015-01-20,USD-6ML,2016-01-22,0.03064866,1Y
2015-01-20,USD-6ML,2017-01-23,0.029494453,2Y
2015-01-20,USD-6ML,2020-01-22,0.026791371,5Y
2015-01-20,USD-6ML,2025-01-22,0.03365301,10Y
2015-01-16,USD-Disc,2015-01-20,0.02174938,1D
2015-01-16,USD-Disc,2015-02-25,0.020521441,1M
2015-01-16,USD-Disc,2015-07-23,0.026924793,6M
2015-01-16,USD-Disc,2016-01-25,0.026684041,1Y
2015-01-16,USD-Disc,2017-01-25,0.029891602,2Y
2015-01-16,USD-Disc,2020-01-23,0.02767974,5Y
2015-01-16,USD-Disc,2025-01-23,0.028720946,10Y
2015-01-16,USD-3ML,2015-04-20,0.024527693,3M
2015-01-16,USD-3ML,2016-01-20,0.026988774,1Y
2015-01-16,USD-3ML,2017-01-20,0.027161792,2Y
2015-01-16,USD-3ML,2020-01-21,0.026849841,5Y
2015-01-16,USD-3ML,2025-01-21,0.029500674,10Y
2015-01-16,USD-6ML,2015-07-20,0.026111234,6M
2015-01-16,USD-6ML,2016-01-20,0.031478944,1Y
2015-01-16,USD-6ML,2017-01-20,0.030246212,2Y
2015-01-16,USD-6ML,2020-01-21,0.026796225,5Y
2015-01-16,USD-6ML,2025-01-21,0.033049568,10Y
2015-01-15,USD-Disc,2015-01-16,0.021560724,1D
2015-01-15,USD-Disc,2015-02-24,0.020151727,1M
2015-01-15,USD-Disc,2015-07-22,0.026828942,6M
2015-01-15,USD-Disc,2016-01-22,0.027137185,1Y
2015-01-15,USD-Disc,2017-01-24,0.03036374,2Y
2015-01-15,USD-Disc,2020-01-23,0.027169409,5Y
2015-01-15,USD-Disc,2025-01-23,0.028601048,10Y
2015-01-15,USD-3ML,2015-04-20,0.024298115,3M
2015-01-15,USD-3ML,2016-01-19,0.026631504,1Y
2015-01-15,USD-3ML,2017-01-19,0.027406184,2Y
2015-01-15,USD-3ML,2020-01-21,0.026946783,5Y
2015-01-15,USD-3ML,2025-01-21,0.029596682,10Y
2015-01-15,USD-6ML,2015-07-20,0.026505571,6M
2015-01-15,USD-6ML,2016-01-19,0.031535173,1Y
2015-01-15,USD-6ML,2017-01-19,0.030580052,2Y
2015-01-15,USD-6ML,2020-01-21,0.027119916,5Y
2015-01-15,USD-6ML,2025-01-21,0.033053119,10Y
2015-01-14,USD-Disc,2015-01-15,0.021539434,1D
2015-01-14,USD-Disc,2015-02-19,0.020542144,1M
2015-01-14,USD-Disc,2015-07-20,0.026795731,6M
2015-01-14,USD-Disc,2016-01-21,0.027278509,1Y
2015-01-14,USD-Disc,2017-01-19,0.030060186,2Y
2015-01-14,USD-Disc,2020-01-21,0.027668826,5Y
2015-01-14,USD-Disc,2025-01-21,0.02807264,10Y
2015-01-14,USD-3ML,2015-04-16,0.024077193,3M
2015-01-14,USD-3ML,2016-01-19,0.026714496,1Y
2015-01-14,USD-3ML,2017-01-17,0.027482558,2Y
2015-01-14,USD-3ML,2020-01-16,0.026439731,5Y
2015-01-14,USD-3ML,2025-01-16,0.029943018,10Y
2015-01-14,USD-6ML,2015-07-16,0.026965775,6M
2015-01-14,USD-6ML,2016-01-19,0.031863972,1Y
2015-01-14,USD-6ML,2017-01-17,0.030963432,2Y
2015-01-14,USD-6ML,2020-01-16,0.02681745,5Y
2015-01-14,USD-6ML,2025-01-16,0.033218305,10Y
2015-01-13,USD-Disc,2015-01-14,0.021324502,1D
2015-01-13,USD-Disc,2015-02-19,0.020832009,1M
2015-01-13,USD-Disc,2015-07-17,0.026932984,6M
2015-01-13,USD-Disc,2016-01-20,0.027525481,1Y
2015-01-13,USD-Disc,2017-01-19,0.029680445,2Y
2015-01-13,USD-Disc,2020-01-17,0.027777497,5Y
2015-01-13,USD-Disc,2025-01-17,0.028282798,10Y
2015-01-13,USD-3ML,2015-04-15,0.024289851,3M
2015-01-13,USD-3ML,2016-01-15,0.026554218,1Y
2015-01-13,USD-3ML,2017-01-17,0.027823957,2Y
2015-01-13,USD-3ML,2020-01-15,0.026565005,5Y
2015-01-13,USD-3ML,2025-01-15,0.029652463,10Y
2015-01-13,USD-6ML,2015-07-15,0.026718655,6M
2015-01-13,USD-6ML,2016-01-15,0.032450962,1Y
2015-01-13,USD-6ML,2017-01-17,0.031228455,2Y
2015-01-13,USD-6ML,2020-01-15,0.02650261,5Y
2015-01-13,USD-6ML,2025-01-15,0.033138494,10Y
2015-01-12,USD-Disc,2015-01-13,0.020915928,1D
2015-01-12,USD-Disc,2015-02-19,0.020443841,1M
2015-01-12,USD-Disc,2015-07-16,0.026523052,6M
2015-01-12,USD-Disc,2016-01-19,0.027663231,1Y
2015-01-12,USD-Disc,2017-01-19,0.029642835,2Y
2015-01-12,USD-Disc,2020-01-16,0.028171703,5Y
2015-01-12,USD-Disc,2025-01-16,0.02832007,10Y
2015-01-12,USD-3ML,2015-04-14,0.024723197,3M
2015-01-12,USD-3ML,2016-01-14,0.026283839,1Y
2015-01-12,USD-3ML,2017-01-17,0.02784203,2Y
2015-01-12,USD-3ML,2020-01-14,0.026972203,5Y
2015-01-12,USD-3ML,2025-01-14,0.029845519,10Y
2015-01-12,USD-6ML,2015-07-14,0.027090823,6M
2015-01-12,USD-6ML,2016-01-14,0.032408554,1Y
2015-01-12,USD-6ML,2017-01-17,0.030861621,2Y
2015-01-12,USD-6ML,2020-01-14,0.027065278,5Y
2015-01-12,USD-6ML,2025-01-14,0.033319334,10Y
2015-01-09,USD-Disc,2015-01-12,0.021287776,1D
2015-01-09,USD-Disc,2015-02-18,0.020357667,1M
2015-01-09,USD-Disc,2015-07-15,0.026308653,6M
2015-01-09,USD-Disc,2016-01-15,0.028063846,1Y
2015-01-09,USD-Disc,2017-01-18,0.029912799,2Y
2015-01-09,USD-Disc,2020-01-15,0.028099724,5Y
2015-01-09,USD-Disc,2025-01-15,0.028014354,10Y
2015-01-09,USD-3ML,2015-04-13,0.024258608,3M
2015-01-09,USD-3ML,2016-01-13,0.026748809,1Y
2015-01-09,USD-3ML,2017-01-13,0.027518639,2Y
2015-01-09,USD-3ML,2020-01-13,0.026534279,5Y
2015-01-09,USD-3ML,2025-01-13,0.029557832,10Y
2015-01-09,USD-6ML,2015-07-13,0.027355901,6M
2015-01-09,USD-6ML,2016-01-13,0.03207578,1Y
2015-01-09,USD-6ML,2017-01-13,0.030794221,2Y
2015-01-09,USD-6ML,2020-01-13,0.026026861,5Y
2015-01-09,USD-6ML,2025-01-13,0.033226542,10Y
2015-01-08,USD-Disc,2015-01-09,0.021518143,1D
2015-01-08,USD-Disc,2015-02-17,0.020073496,1M
2015-01-08,USD-Disc,2015-07-15,0.026724681,6M
2015-01-08,USD-Disc,2016-01-14,0.028006511,1Y
2015-01-08,USD-Disc,2017-01-17,0.029616372,2Y
2015-01-08,USD-Disc,2020-01-15,0.027760886,5Y
2015-01-08,USD-Disc,2025-01-15,0.02810503,10Y
2015-01-08,USD-3ML,2015-04-13,0.023954452,3M
2015-01-08,USD-3ML,2016-01-12,0.026471,1Y
2015-01-08,USD-3ML,2017-01-12,0.027902567,2Y
2015-01-08,USD-3ML,2020-01-13,0.026113859,5Y
2015-01-08,USD-3ML,2025-01-13,0.029474768,10Y
2015-01-08,USD-6ML,2015-07-13,0.027432891,6M
2015-01-08,USD-6ML,2016-01-12,0.031972077,1Y
2015-01-08,USD-6ML,2017-01-12,0.030728108,2Y
2015-01-08,USD-6ML,2020-01-13,0.025423059,5Y
2015-01-08,USD-6ML,2025-01-13,0.033184631,10Y
2015-01-07,USD-Disc,2015-01-08,0.021969297,1D
2015-01-07,USD-Disc,2015-02-11,0.020305883,1M
2015-01-07,USD-Disc,2015-07-13,0.026822871,6M
2015-01-07,USD-Disc,2016-01-13,0.027924328,1Y
2015-01-07,USD-Disc,2017-01-11,0.029687727,2Y
2015-01-07,USD-Disc,2020-01-13,0.027822134,5Y
2015-01-07,USD-Disc,2025-01-13,0.02831036,10Y
2015-01-07,USD-3ML,2015-04-09,0.024087272,3M
2015-01-07,USD-3ML,2016-01-11,0.026413395,1Y
2015-01-07,USD-3ML,2017-01-09,0.027794644,2Y
2015-01-07,USD-3ML,2020-01-09,0.026375143,5Y
2015-01-07,USD-3ML,2025-01-09,0.029367078,10Y
2015-01-07,USD-6ML,2015-07-09,0.027576939,6M
2015-01-07,USD-6ML,2016-01-11,0.032123198,1Y
2015-01-07,USD-6ML,2017-01-09,0.030359468,2Y
2015-01-07,USD-6ML,2020-01-09,0.025535514,5Y
2015-01-07,USD-6ML,2025-01-09,0.032589629,10Y
2015-01-06,USD-Disc,2015-01-07,0.021985518,1D
2015-01-06,USD-Disc,2015-02-11,0.020496601,1M
2015-01-06,USD-Disc,2015-07-10,0.02655881,6M
2015-01-06,USD-Disc,2016-01-12,0.027907453,1Y
2015-01-06,USD-Disc,2017-01-11,0.029835895,2Y
2015-01-06,USD-Disc,2020-01-10,0.028234508,5Y
2015-01-06,USD-Disc,2025-01-10,0.028512058,10Y
2015-01-06,USD-3ML,2015-04-08,0.024573043,3M
2015-01-06,USD-3ML,2016-01-08,0.02689681,1Y
2015-01-06,USD-3ML,2017-01-09,0.028235218,2Y
2015-01-06,USD-3ML,2020-01-08,0.026133807,5Y
2015-01-06,USD-3ML,2025-01-08,0.029840634,10Y
2015-01-06,USD-6ML,2015-07-08,0.027781953,6M
2015-01-06,USD-6ML,2016-01-08,0.033257842,1Y
2015-01-06,USD-6ML,2017-01-09,0.030536872,2Y
2015-01-06,USD-6ML,2020-01-08,0.025525744,5Y
2015-01-06,USD-6ML,2025-01-08,0.032598344,10Y
2015-01-05,USD-Disc,2015-01-06,0.02238598,1D
2015-01-05,USD-Disc,2015-02-11,0.020043647,1M
2015-01-05,USD-Disc,2015-07-09,0.026363077,6M
2015-01-05,USD-Disc,2016-01-11,0.027621968,1Y
2015-01-05,USD-Disc,2017-01-11,0.029561004,2Y
2015-01-05,USD-Disc,2020-01-09,0.028306949,5Y
2015-01-05,USD-Disc,2025-01-09,0.028588325,10Y
2015-01-05,USD-3ML,2015-04-07,0.024162862,3M
2015-01-05,USD-3ML,2016-01-07,0.026517142,1Y
2015-01-05,USD-3ML,2017-01-09,0.0282985,2Y
2015-01-05,USD-3ML,2020-01-07,0.026176572,5Y
2015-01-05,USD-3ML,2025-01-07,0.030212269,10Y
2015-01-05,USD-6ML,2015-07-07,0.027994945,6M
2015-01-05,USD-6ML,2016-01-07,0.032248617,1Y
2015-01-05,USD-6ML,2017-01-09,0.030802856,2Y
2015-01-05,USD-6ML,2020-01-07,0.025108396,5Y
2015-01-05,USD-6ML,2025-01-07,0.033006977,10Y
2015-01-02,USD-Disc,2015-01-05,0.022453539,1D
2015-01-02,USD-Disc,2015-02-10,0.019798789,1M
2015-01-02,USD-Disc,2015-07-08,0.02645636,6M
2015-01-02,USD-Disc,2016-01-08,0.027425108,1Y
2015-01-02,USD-Disc,2017-01-10,0.029360813,2Y
2015-01-02,USD-Disc,2020-01-08,0.028112752,5Y
2015-01-02,USD-Disc,2025-01-08,0.029106859,10Y
2015-01-02,USD-3ML,2015-04-07,0.024469431,3M
2015-01-02,USD-3ML,2016-01-06,0.026265813,1Y
2015-01-02,USD-3ML,2017-01-06,0.028051081,2Y
2015-01-02,USD-3ML,2020-01-06,0.026368443,5Y
2015-01-02,USD-3ML,2025-01-06,0.029766587,10Y
2015-01-02,USD-6ML,2015-07-06,0.027846953,6M
2015-01-02,USD-6ML,2016-01-06,0.031731698,1Y
2015-01-02,USD-6ML,2017-01-06,0.03084409,2Y
2015-01-02,USD-6ML,2020-01-06,0.024880297,5Y
2015-01-02,USD-6ML,2025-01-06,0.032752548,10Y
2014-12-31,USD-Disc,2015-01-02,0.021965595,1D
2014-12-31,USD-Disc,2015-02-09,0.019499299,1M
2014-12-31,USD-Disc,2015-07-08,0.026368931,6M
2014-12-31,USD-Disc,2016-01-07,0.027104715,1Y
2014-12-31,USD-Disc,2017-01-09,0.029140844,2Y
2014-12-31,USD-Disc,2020-01-08,0.0277868,5Y
2014-12-31,USD-Disc,2025-01-08,0.029390823,10Y
2014-12-31,USD-3ML,2015-04-07,0.024603636,3M
2014-12-31,USD-3ML,2016-01-05,0.026084496,1Y
2014-12-31,USD-3ML,2017-01-05,0.028526518,2Y
2014-12-31,USD-3ML,2020-01-06,0.026446146,5Y
2014-12-31,USD-3ML,2025-01-06,0.030138558,10Y
2014-12-31,USD-6ML,2015-07-06,0.027885892,6M
2014-12-31,USD-6ML,2016-01-05,0.032145454,1Y
2014-12-31,USD-6ML,2017-01-05,0.031761969,2Y
2014-12-31,USD-6ML,2020-01-06,0.02504271,5Y
2014-12-31,USD-6ML,2025-01-06,0.032574026,10Y
2014-12-30,USD-Disc,2014-12-31,0.022100081,1D
2014-12-30,USD-Disc,2015-02-04,0.019249622,1M
2014-12-30,USD-Disc,2015-07-06,0.026772729,6M
2014-12-30,USD-Disc,2016-01-06,0.027403887,1Y
2014-12-30,USD-Disc,2017-01-05,0.029194512,2Y
2014-12-30,USD-Disc,2020-01-06,0.027405542,5Y
2014-12-30,USD-Disc,2025-01-06,0.029502512,10Y
2014-12-30,USD-3ML,2015-04-02,0.024480328,3M
2014-12-30,USD-3ML,2016-01-04,0.025610508,1Y
2014-12-30,USD-3ML,2017-01-03,0.02891925,2Y
2014-12-30,USD-3ML,2020-01-02,0.026834247,5Y
2014-12-30,USD-3ML,2025-01-02,0.029796492,10Y
2014-12-30,USD-6ML,2015-07-02,0.028327888,6M
2014-12-30,USD-6ML,2016-01-04,0.03129209,1Y
2014-12-30,USD-6ML,2017-01-03,0.032241831,2Y
2014-12-30,USD-6ML,2020-01-02,0.024929625,5Y
2014-12-30,USD-6ML,2025-01-02,0.032748782,10Y
